nome,link,preco,conteudo
dancinhas do tiktok peladinha pt4,https://www.packzin.com.br/pack/novo/dancinhas-do-tiktok-peladinha-pt4,15,6 vídeos
Vídeo de 4 pra você,https://www.packzin.com.br/pack/novo/video-de-4-pra-voce,10,1 foto e 1 video
Me exibindo com o meu vestidinho curto,https://www.packzin.com.br/pack/novo/me-exibindo-com-o-meu-vestidinho-curto,15,19 fotos 8 vídeos
sua webnamoradinha se exibindo pra vc,https://www.packzin.com.br/pack/novo/pov-sua-webnamoradinha-se-exibindo-pra-vc,6,7 videos
pack meia rastão,https://www.packzin.com.br/pack/novo/pack-meia-rastao-_t-RN1_y0,20,5 fotos e 3 vídeos
Me masturbando gostoso,https://www.packzin.com.br/pack/novo/me-masturbando-gostoso-LSpRNhbwR,15,5 fotos e 5 videos
Vídeo curtinho usando saia colegial,https://www.packzin.com.br/pack/novo/video-curtinho-usando-saia-colegial,20,1 vídeo
Tomando banho,https://www.packzin.com.br/pack/novo/tomando-banho-a72d5sBUS,10,3 fotos e 2 videos
No cuzinho de quatro,https://www.packzin.com.br/pack/novo/no-cuzinho-de-quatro,15,3 fotos e 1 video
sweet bunny,https://www.packzin.com.br/pack/novo/sweet-bunny,16,19 fotos e 11 videos
unicorn,https://www.packzin.com.br/pack/novo/unicorn,13,8 fotos e 8 videos
explicit nesquik,https://www.packzin.com.br/pack/novo/explicit-nesquik,20,8 fotos e 9 videos
